<?xml version="1.0" encoding="utf-8"?>
<GameData xmlns:xsi="http://www.w3.org/2001/XMLSchema-instance" xmlns:xsd="http://www.w3.org/2001/XMLSchema">
<StartingConditions>
  <ConditionData>
    <Key>Default</Key>
    <StringKey>StartDefault</StringKey>
    <PlayerInventory>
      <InventoryData>
        <PrefabName>UniformOrangeJumpSuit</PrefabName>
        <Type>Uniform</Type>
		  <Contents>
          <InventoryData>
            <PrefabName>CartridgeAtmosAnalyser</PrefabName>
            <SlotId>0</SlotId>
          </InventoryData>
          <InventoryData>
            <PrefabName>ItemTablet</PrefabName>
            <UseMasterColor>true</UseMasterColor>
            <SlotId>1</SlotId>
            <Contents>
              <InventoryData>
                <PrefabName>ItemBatteryCell</PrefabName>
                <Type>Battery</Type>
              </InventoryData>
              <InventoryData>
                <PrefabName>CartridgeTracker</PrefabName>
              </InventoryData>
            </Contents>
          </InventoryData>
        </Contents>
      </InventoryData>
      
      <InventoryData>
        <PrefabName>ItemSpaceHelmet</PrefabName>
        <Type>Helmet</Type>
        <UseMasterColor>true</UseMasterColor>
      </InventoryData>
      
      <InventoryData>
        <PrefabName>ItemEvaSuit</PrefabName>
        <Type>Helmet</Type>
        <UseMasterColor>true</UseMasterColor>
        <Contents>
          <InventoryData>
            <PrefabName>ItemGasCanisterOxygen</PrefabName>
            <SlotId>0</SlotId>
          </InventoryData>
          <InventoryData>
            <PrefabName>ItemGasCanisterEmpty</PrefabName>
            <SlotId>1</SlotId>
          </InventoryData>
          <InventoryData>
            <PrefabName>ItemBatteryCellLarge</PrefabName>
            <Type>Battery</Type>
          </InventoryData>
          <InventoryData>
            <PrefabName>ItemGasFilterCarbonDioxide</PrefabName>
            <Type>GasFilter</Type>
          </InventoryData>
        </Contents>
      </InventoryData>
    </PlayerInventory>
    
    
    <InitialSpawn>
      <DynamicThingData>
        <PrefabName>DynamicHydroponics</PrefabName>
        <CustomName>Portable Hydroponics</CustomName>
        <CustomColor>ColorGreen</CustomColor>
          <Contents>
            <InventoryData>
              <PrefabName>ItemGasCanisterWater</PrefabName>
            </InventoryData>
          </Contents>
      </DynamicThingData>
      
      <DynamicThingData>
        <PrefabName>DynamicCrate</PrefabName>
        <CustomName>Command Kit</CustomName>
        <CustomColor>ColorKhaki</CustomColor>
        <Contents>
          <InventoryData>
            <PrefabName>AccessCardBlue</PrefabName>
          </InventoryData>
          <InventoryData>
            <PrefabName>AccessCardBlue</PrefabName>
          </InventoryData>
          <InventoryData>
            <PrefabName>ItemSpacepack</PrefabName>
            <CustomColor>ColorKhaki</CustomColor>
            <Contents>
              <InventoryData>
                <PrefabName>ItemGasCanisterNitrogen</PrefabName>
                <SlotId>0</SlotId>
              </InventoryData>
              <InventoryData>
                <PrefabName>CartridgeConfiguration</PrefabName>
              </InventoryData>
              <InventoryData>
                <PrefabName>CartridgeElectronicReader</PrefabName>
              </InventoryData>
              <InventoryData>
                <PrefabName>CartridgeMedicalAnalyser</PrefabName>
              </InventoryData>
              <InventoryData>
                <PrefabName>CartridgeNetworkAnalyser</PrefabName>
              </InventoryData>
            </Contents>
          </InventoryData>
          <InventoryData>
            <PrefabName>UniformCommander</PrefabName>
            <CustomName>Command Uniform</CustomName>
            <Contents>
              <InventoryData>
                <PrefabName>Handgun</PrefabName>
                <CustomName>Command Handgun</CustomName>
                <CustomColor>ColorKhaki</CustomColor>
                <Contents>
                  <InventoryData>
                    <PrefabName>HandgunMagazine</PrefabName>
                    <CustomColor>ColorKhaki</CustomColor>
                    <SlotId>0</SlotId>
                  </InventoryData>
                </Contents>
              </InventoryData>
              <InventoryData>
                <PrefabName>HandgunMagazine</PrefabName>
                <CustomColor>ColorKhaki</CustomColor>
                <SlotId>1</SlotId>
              </InventoryData>
              <InventoryData>
                <PrefabName>AccessCardBlue</PrefabName>
                <SlotId>2</SlotId>
              </InventoryData>
              <InventoryData>
                <PrefabName>AccessCardKhaki</PrefabName>
                <SlotId>3</SlotId>
              </InventoryData>
            </Contents>
          </InventoryData>
          <InventoryData>
            <PrefabName>ItemToolBelt</PrefabName>
            <CustomColor>ColorKhaki</CustomColor>
            <CustomName>Command Belt</CustomName>
            <Contents>
              <InventoryData>
                <PrefabName>ItemWrench</PrefabName>
                <CustomColor>ColorKhaki</CustomColor>
                <CustomName>Command Wrench</CustomName>
                <Type>Tool</Type>
              </InventoryData>
              <InventoryData>
                <PrefabName>ItemCrowbar</PrefabName>
                <CustomColor>ColorKhaki</CustomColor>
                <CustomName>Command Crowbar</CustomName>
                <Type>Tool</Type>
              </InventoryData>
              <InventoryData>
                <PrefabName>ItemDrill</PrefabName>
                <CustomColor>ColorKhaki</CustomColor>
                <CustomName>Command Drill</CustomName>
                <Type>Tool</Type>l
                <Contents>
                  <InventoryData>
                    <PrefabName>ItemBatteryCell</PrefabName>
                    <Type>Battery</Type>
                  </InventoryData>
                </Contents>
              </InventoryData>
              <InventoryData>
                <PrefabName>ItemAngleGrinder</PrefabName>
                <CustomColor>ColorKhaki</CustomColor>
                <CustomName>Command Grinder</CustomName>
                <Type>Tool</Type>
                <Contents>
                  <InventoryData>
                    <PrefabName>ItemBatteryCell</PrefabName>
                    <Type>Battery</Type>
                  </InventoryData>
                </Contents>
              </InventoryData>
              <InventoryData>
                <PrefabName>ItemWeldingTorch</PrefabName>
                <CustomColor>ColorKhaki</CustomColor>
                <CustomName>Command Torch</CustomName>
                <Type>Tool</Type>
                <Contents>
                  <InventoryData>
                    <PrefabName>ItemGasCanisterFuel</PrefabName>
                    <Type>GasCanister</Type>
                  </InventoryData>
                </Contents>
              </InventoryData>
              <InventoryData>
                <PrefabName>ItemScrewdriver</PrefabName>
                <CustomColor>ColorKhaki</CustomColor>
                <CustomName>Command Screwdriver</CustomName>
                <Type>Tool</Type>
              </InventoryData>
              <InventoryData>
                <PrefabName>ItemWireCutters</PrefabName>
                <CustomColor>ColorKhaki</CustomColor>
                <CustomName>Command Cutters</CustomName>
                <Type>Tool</Type>
              </InventoryData>
              <InventoryData>
                <PrefabName>ItemCableCoil</PrefabName>
                <Type>Tool</Type>
                <StackSize>50</StackSize>
              </InventoryData>
            </Contents>
          </InventoryData>
          <InventoryData>
            <PrefabName>ItemMiningBelt</PrefabName>
            <Contents>
              <InventoryData>
                <PrefabName>ItemMiningDrill</PrefabName>
                <Type>Tool</Type>
                <Contents>
                  <InventoryData>
                    <PrefabName>ItemBatteryCell</PrefabName>
                    <Type>Battery</Type>
                  </InventoryData>
                </Contents>
              </InventoryData>
              <InventoryData>
                <PrefabName>ItemPickaxe</PrefabName>
                <Type>Tool</Type>
              </InventoryData>
            </Contents>
          </InventoryData>
          <InventoryData>
            <PrefabName>CartridgeAccessController</PrefabName>
          </InventoryData>
          <InventoryData>
            <PrefabName>ItemMiningBelt</PrefabName>
            <CustomName>Mining Belt (Volatiles)</CustomName>
            <CustomColor>ColorRed</CustomColor>
          </InventoryData>
          <InventoryData>
            <PrefabName>ItemMiningBelt</PrefabName>
            <CustomName>Mining Belt (Oxite)</CustomName>
            <CustomColor>ColorWhite</CustomColor>
          </InventoryData>
          <InventoryData>
            <PrefabName>ItemMiningBelt</PrefabName>
            <CustomName>Mining Belt (Water Ice)</CustomName>
            <CustomColor>ColorBlue</CustomColor>
          </InventoryData>
        </Contents>
      </DynamicThingData>
      
      <DynamicThingData>
        <PrefabName>DynamicCrate</PrefabName>
        <CustomName>Construction Supplies 1</CustomName>
        <CustomColor>ColorYellow</CustomColor>
        <Contents>
          <InventoryData>
            <PrefabName>ItemKitArcFurnace</PrefabName>
          </InventoryData>
          <InventoryData>
            <PrefabName>ItemKitAutolathe</PrefabName>
          </InventoryData>
          <InventoryData>
            <PrefabName>ItemIronFrames</PrefabName>
            <StackSize>999</StackSize>
          </InventoryData>
          <InventoryData>
            <PrefabName>ItemIronSheets</PrefabName>
            <StackSize>999</StackSize>
          </InventoryData>
          <InventoryData>
            <PrefabName>ItemAreaPowerControl</PrefabName>
            <StackSize>2</StackSize>
          </InventoryData>
          <InventoryData>
            <PrefabName>ItemBatteryCellLarge</PrefabName>
          </InventoryData>
          <InventoryData>
            <PrefabName>ItemKitSolidGenerator</PrefabName>
          </InventoryData>
          <InventoryData>
            <PrefabName>ItemKitWallIron</PrefabName>
            <StackSize>999</StackSize>
          </InventoryData>
          <InventoryData>
            <PrefabName>ItemKitSolarPanel</PrefabName>
          </InventoryData>
          <InventoryData>
            <PrefabName>ItemGlassSheets</PrefabName>
            <StackSize>999</StackSize>
          </InventoryData>
        </Contents>
      </DynamicThingData>
      
      <DynamicThingData>
        <PrefabName>DynamicCrate</PrefabName>
        <CustomName>Construction Supplies 2</CustomName>
        <CustomColor>ColorYellow</CustomColor>
        <Contents>
          <InventoryData>
            <PrefabName>ItemActiveVent</PrefabName>
          </InventoryData>
          <InventoryData>
            <PrefabName>ItemKitConsole</PrefabName>
          </InventoryData>
          <InventoryData>
            <PrefabName>ItemKitAirlock</PrefabName>
            <StackSize>2</StackSize>
          </InventoryData>
          <InventoryData>
            <PrefabName>CircuitboardAirlockControl</PrefabName>
          </InventoryData>
          <InventoryData>
            <PrefabName>ItemPipeValve</PrefabName>
            <StackSize>2</StackSize>
          </InventoryData>
          <InventoryData>
            <PrefabName>ItemKitPipe</PrefabName>
            <StackSize>999</StackSize>
          </InventoryData>
          <InventoryData>
            <PrefabName>ItemKitSensor</PrefabName>
          </InventoryData>
          <InventoryData>
            <PrefabName>ItemDataDisk</PrefabName>
          </InventoryData>
          <InventoryData>
            <PrefabName>ItemGasFilterWater</PrefabName>
          </InventoryData>
          <InventoryData>
            <PrefabName>ItemBatteryCharger</PrefabName>
          </InventoryData>
        </Contents>
      </DynamicThingData>
      
      <DynamicThingData>
        <PrefabName>DynamicCrate</PrefabName>
        <CustomName>Organic Supplies 1</CustomName>
        <CustomColor>ColorGreen</CustomColor>
        <Contents>
          <InventoryData>
            <PrefabName>ItemEggCarton</PrefabName>
			<Contents>
			  <InventoryData>
				<PrefabName>ItemFertilizedEgg</PrefabName>
			  </InventoryData>
			  <InventoryData>
				<PrefabName>ItemFertilizedEgg</PrefabName>
			  </InventoryData>
			  <InventoryData>
				<PrefabName>ItemFertilizedEgg</PrefabName>
			  </InventoryData>
			  <InventoryData>
				<PrefabName>ItemFertilizedEgg</PrefabName>
			  </InventoryData>
			  <InventoryData>
				<PrefabName>ItemFertilizedEgg</PrefabName>
			  </InventoryData>
			  <InventoryData>
				<PrefabName>ItemFertilizedEgg</PrefabName>
			  </InventoryData>
			</Contents>
          </InventoryData>
          <InventoryData>
            <PrefabName>ItemPotato</PrefabName>
			<StackSize>5</StackSize>
          </InventoryData>
          <InventoryData>
            <PrefabName>ItemWheat</PrefabName>
            <StackSize>5</StackSize>
          </InventoryData>
          <InventoryData>
            <PrefabName>ItemCorn</PrefabName>
            <StackSize>5</StackSize>
          </InventoryData>
          <InventoryData>
            <PrefabName>ItemFern</PrefabName>
            <StackSize>5</StackSize>
          </InventoryData>
          <InventoryData>
            <PrefabName>ItemSoybean</PrefabName>
            <StackSize>5</StackSize>
          </InventoryData>
          <InventoryData>
            <PrefabName>ItemCerealBar</PrefabName>
          </InventoryData>
          <InventoryData>
            <PrefabName>ItemCerealBar</PrefabName>
          </InventoryData>
          <InventoryData>
            <PrefabName>ItemCerealBar</PrefabName>
          </InventoryData>
		  <InventoryData>
            <PrefabName>ItemCerealBar</PrefabName>
          </InventoryData>
        </Contents>
      </DynamicThingData>
      
      <DynamicThingData>
        <PrefabName>DynamicCrate</PrefabName>
        <CustomName>Organic Supplies 2</CustomName>
        <CustomColor>ColorGreen</CustomColor>
        <Contents>
          <InventoryData>
            <PrefabName>ItemFlowerBlue</PrefabName>
			      <StackSize>5</StackSize>
          </InventoryData>
          <InventoryData>
            <PrefabName>ItemFlowerGreen</PrefabName>
            <StackSize>5</StackSize>
          </InventoryData>
          <InventoryData>
            <PrefabName>ItemFlowerOrange</PrefabName>
            <StackSize>5</StackSize>
          </InventoryData>
          <InventoryData>
            <PrefabName>ItemFlowerRed</PrefabName>
            <StackSize>5</StackSize>
          </InventoryData>
          <InventoryData>
            <PrefabName>ItemFlowerYellow</PrefabName>
            <StackSize>5</StackSize>
          </InventoryData>
          <InventoryData>
            <PrefabName>ItemCerealBar</PrefabName>
          </InventoryData>
          <InventoryData>
            <PrefabName>ItemCerealBar</PrefabName>
          </InventoryData>
          <InventoryData>
            <PrefabName>ItemCerealBar</PrefabName>
          </InventoryData>
          <InventoryData>
            <PrefabName>ItemCerealBar</PrefabName>
          </InventoryData>
		  <InventoryData>
            <PrefabName>ItemCerealBar</PrefabName>
          </InventoryData>
        </Contents>
      </DynamicThingData>
      
      <DynamicThingData>
        <PrefabName>DynamicCrate</PrefabName>
        <CustomName>Consumables Supplies</CustomName>
        <CustomColor>ColorRed</CustomColor>
        <Contents>
          <InventoryData>
            <PrefabName>ItemRoadFlare</PrefabName>
            <StackSize>999</StackSize>
          </InventoryData>
          <InventoryData>
            <PrefabName>CircuitboardAdvAirlockControl</PrefabName>
          </InventoryData>
          <InventoryData>
            <PrefabName>ItemFlagSmall</PrefabName>
            <StackSize>999</StackSize>
          </InventoryData>
          <InventoryData>
            <PrefabName>ItemSprayCanBlue</PrefabName>
          </InventoryData>
          <InventoryData>
            <PrefabName>ItemSprayCanGreen</PrefabName>
          </InventoryData>
          <InventoryData>
            <PrefabName>ItemSprayCanYellow</PrefabName>
          </InventoryData>
          <InventoryData>
            <PrefabName>ItemSprayCanWhite</PrefabName>
          </InventoryData>
          <InventoryData>
            <PrefabName>ItemSprayCanRed</PrefabName>
          </InventoryData>
          <InventoryData>
            <PrefabName>ItemBeacon</PrefabName>
            <Contents>
              <InventoryData>
                <PrefabName>ItemBatteryCell</PrefabName>
                <Type>Battery</Type>
              </InventoryData>
            </Contents>
          </InventoryData>
          <InventoryData>
            <PrefabName>ItemLabeller</PrefabName>
            <Contents>
              <InventoryData>
                <PrefabName>ItemBatteryCell</PrefabName>
                <Type>Battery</Type>
              </InventoryData>
            </Contents>
          </InventoryData>
        </Contents>
      </DynamicThingData>
      
      <DynamicThingData>
        <PrefabName>DynamicGasCanisterOxygen</PrefabName>
      </DynamicThingData>
      
      <DynamicThingData>
        <PrefabName>DynamicAirConditioner</PrefabName>
         <Contents>
            <InventoryData>
              <PrefabName>ItemBatteryCell</PrefabName>
              <Type>Battery</Type>
            </InventoryData>
          </Contents>
      </DynamicThingData>
      
      <DynamicThingData>
        <PrefabName>DynamicScrubber</PrefabName>
         <Contents>
            <InventoryData>
              <PrefabName>ItemBatteryCell</PrefabName>
              <Type>Battery</Type>
            </InventoryData>
          </Contents>
      </DynamicThingData>
      
    </InitialSpawn>
  </ConditionData>
    
  <ConditionData>
    <Key>Minimal</Key>
    <StringKey>StartMinimal</StringKey>
    <PlayerInventory>
      <InventoryData>
        <PrefabName>UniformOrangeJumpSuit</PrefabName>
        <Type>Uniform</Type>
      </InventoryData>
      
      <InventoryData>
        <PrefabName>ItemSpaceHelmet</PrefabName>
        <Type>Helmet</Type>
        <UseMasterColor>true</UseMasterColor>
      </InventoryData>
      
      <InventoryData>
        <PrefabName>ItemEvaSuit</PrefabName>
        <Type>Helmet</Type>
        <UseMasterColor>true</UseMasterColor>
        <Contents>
          <InventoryData>
            <PrefabName>ItemGasCanisterOxygen</PrefabName>
            <SlotId>0</SlotId>
          </InventoryData>
          <InventoryData>
            <PrefabName>ItemGasCanisterEmpty</PrefabName>
            <SlotId>1</SlotId>
          </InventoryData>
          <InventoryData>
            <PrefabName>ItemBatteryCellLarge</PrefabName>
            <Type>Battery</Type>
          </InventoryData>
          <InventoryData>
            <PrefabName>ItemGasFilterCarbonDioxide</PrefabName>
            <Type>GasFilter</Type>
          </InventoryData>
        </Contents>
      </InventoryData>
      
      <InventoryData>
        <PrefabName>ItemSpacepack</PrefabName>
        <Type>Back</Type>
        <UseMasterColor>true</UseMasterColor>
        <Contents>
          <InventoryData>
            <PrefabName>ItemGasCanisterNitrogen</PrefabName>
            <SlotId>0</SlotId>
          </InventoryData>
        </Contents>
      </InventoryData>

      <InventoryData>
        <PrefabName>ItemToolBelt</PrefabName>
        <Type>Belt</Type>
        <Contents>
          <InventoryData>
            <PrefabName>ItemWrench</PrefabName>
            <Type>Tool</Type>
            <UseMasterColor>true</UseMasterColor>
          </InventoryData>
          <InventoryData>
            <PrefabName>ItemCrowbar</PrefabName>
            <Type>Tool</Type>
            <UseMasterColor>true</UseMasterColor>
          </InventoryData>
          <InventoryData>
            <PrefabName>ItemDrill</PrefabName>
            <Type>Tool</Type>
            <UseMasterColor>true</UseMasterColor>
            <Contents>
              <InventoryData>
                <PrefabName>ItemBatteryCell</PrefabName>
                <Type>Battery</Type>
              </InventoryData>
            </Contents>
          </InventoryData>
          <InventoryData>
            <PrefabName>ItemWireCutters</PrefabName>
            <Type>Tool</Type>
            <UseMasterColor>true</UseMasterColor>
          </InventoryData>
          <InventoryData>
            <PrefabName>ItemWeldingTorch</PrefabName>
            <Type>Tool</Type>
            <UseMasterColor>true</UseMasterColor>
            <Contents>
              <InventoryData>
                <PrefabName>ItemGasCanisterFuel</PrefabName>
                <Type>GasCanister</Type>
              </InventoryData>
            </Contents>
          </InventoryData>
          <InventoryData>
            <PrefabName>ItemScrewdriver</PrefabName>
            <Type>Tool</Type>
            <UseMasterColor>true</UseMasterColor>
          </InventoryData>
          <InventoryData>
            <PrefabName>ItemAngleGrinder</PrefabName>
            <Type>Tool</Type>
            <UseMasterColor>true</UseMasterColor>
            <Contents>
              <InventoryData>
                <PrefabName>ItemBatteryCell</PrefabName>
                <Type>Battery</Type>
              </InventoryData>
            </Contents>
          </InventoryData>
          <InventoryData>
            <PrefabName>ItemCableCoil</PrefabName>
            <Type>Tool</Type>
        <StackSize>50</StackSize>
          </InventoryData>
        </Contents>
      </InventoryData>
    </PlayerInventory>
    <InitialSpawn>
    </InitialSpawn>
  </ConditionData>
</StartingConditions>
</GameData>
